ID	rings	sex	length	diameter	whole_weight	shell_weight
1	10	F	0.585	0.465	0.9855	0.2845
2	7	I	0.455	0.35	0.4445	0.1115
3	8	M	0.53	0.4	0.7575	0.175
4	6	I	0.325	0.24	0.152	0.045
5	10	M	0.605	0.47	1.1155	0.321
6	11	M	0.5	0.41	0.662	0.22
7	6	I	0.415	0.315	0.33	0.095
8	10	M	0.635	0.495	1.3695	0.365
9	13	M	0.55	0.42	0.8465	0.245
10	8	M	0.57	0.44	0.827	0.235
11	20	M	0.565	0.44	1.122	0.375
12	12	M	0.64	0.585	1.647	0.471
13	19	F	0.705	0.555	1.4685	0.52
14	11	F	0.645	0.505	1.318	0.335
15	9	F	0.52	0.4	0.6865	0.185
16	5	M	0.155	0.115	0.024	0.0075
17	9	F	0.65	0.5	1.3825	0.3195
18	15	I	0.48	0.38	0.523	0.175
19	3	I	0.16	0.11	0.018	0.005
20	6	I	0.27	0.19	0.081	0.03
21	7	I	0.275	0.2	0.086	0.03
22	5	I	0.19	0.13	0.0265	0.009
23	8	M	0.58	0.455	0.852	0.225
24	12	M	0.505	0.395	0.5915	0.185
25	10	F	0.63	0.49	1.336	0.3245
26	12	M	0.45	0.36	0.567	0.225
27	5	M	0.2	0.14	0.035	0.01
28	11	F	0.655	0.5	1.528	0.4535
29	8	F	0.58	0.435	0.834	0.23
30	24	M	0.69	0.54	1.6195	0.555
31	9	I	0.515	0.4	0.636	0.1855
32	9	I	0.515	0.395	0.5805	0.19
33	10	F	0.64	0.5	1.394	0.4
34	9	M	0.46	0.375	0.5735	0.195
35	8	I	0.435	0.33	0.335	0.105
36	7	M	0.49	0.465	0.5225	0.141
37	6	I	0.43	0.34	0.4405	0.1075
38	9	F	0.7	0.525	1.6465	0.3995
39	9	M	0.645	0.515	1.1845	0.335
40	14	F	0.73	0.55	1.908	0.5965
41	11	M	0.505	0.4	0.764	0.2175
42	15	M	0.63	0.505	1.525	0.45
43	14	M	0.64	0.51	1.613	0.47
44	7	I	0.42	0.32	0.3625	0.105
45	16	F	0.72	0.595	1.969	0.66
46	10	M	0.575	0.445	0.876	0.27
47	10	F	0.625	0.49	0.92	0.28
48	7	F	0.425	0.35	0.4425	0.175
49	9	I	0.485	0.39	0.591	0.12
50	7	I	0.395	0.295	0.293	0.082
51	10	F	0.655	0.51	1.415	0.364
52	11	M	0.645	0.51	1.1835	0.345
53	10	M	0.755	0.58	2.0065	0.595
54	8	M	0.47	0.375	0.4265	0.15
55	6	I	0.44	0.345	0.545	0.1305
56	10	F	0.37	0.28	0.2305	0.075
57	10	M	0.58	0.44	1.0465	0.2795
58	14	F	0.515	0.425	0.766	0.255
59	11	M	0.57	0.455	0.96	0.275
60	4	I	0.26	0.205	0.097	0.0305
61	10	M	0.685	0.505	1.533	0.41
62	9	M	0.595	0.465	0.919	0.262
63	9	M	0.625	0.47	1.124	0.287
64	9	F	0.605	0.5	1.1185	0.335
65	10	M	0.415	0.325	0.417	0.144
66	8	I	0.45	0.34	0.4385	0.12
67	9	M	0.58	0.44	0.8295	0.2485
68	10	F	0.565	0.445	0.826	0.2475
69	9	M	0.34	0.255	0.213	0.07
70	8	I	0.475	0.355	0.468	0.12
71	9	F	0.445	0.325	0.455	0.14
72	13	M	0.555	0.425	0.7665	0.275
73	9	M	0.425	0.305	0.359	0.0975
74	8	M	0.6	0.465	1.193	0.3055
75	9	F	0.635	0.49	1.145	0.3155
76	7	F	0.495	0.38	0.573	0.144
77	10	F	0.645	0.535	1.2395	0.424
78	10	M	0.685	0.51	1.545	0.4055
79	8	I	0.48	0.35	0.5465	0.158
80	8	I	0.515	0.4	0.7165	0.1785
81	7	I	0.285	0.225	0.1005	0.035
82	14	F	0.57	0.45	0.903	0.295
83	12	F	0.6	0.465	0.8875	0.262
84	16	M	0.66	0.545	1.32	0.455
85	9	M	0.53	0.405	0.738	0.193
86	9	I	0.57	0.445	0.867	0.28
87	8	I	0.475	0.36	0.492	0.15
88	11	M	0.63	0.485	1.2435	0.37
89	16	F	0.645	0.52	1.5535	0.474
90	8	I	0.36	0.28	0.2255	0.09
91	9	M	0.63	0.49	1.2525	0.289
92	9	F	0.65	0.495	1.337	0.335
93	15	M	0.555	0.44	1.092	0.4405
94	8	F	0.615	0.48	1.2525	0.33
95	16	M	0.635	0.48	1.064	0.36
96	17	M	0.575	0.4	0.9325	0.3
97	12	M	0.735	0.555	2.333	0.6195
98	11	F	0.61	0.45	0.8725	0.272
99	10	M	0.515	0.385	0.623	0.175
100	10	F	0.575	0.42	1.764	0.4095
101	6	I	0.415	0.31	0.3595	0.0915
102	12	F	0.65	0.5	1.1445	0.365
103	10	F	0.63	0.49	1.2155	0.3105
104	6	I	0.39	0.3	0.3085	0.085
105	10	M	0.585	0.46	1.1135	0.274
106	7	I	0.515	0.4	0.5625	0.17
107	9	M	0.5	0.39	0.7815	0.2385
108	15	F	0.53	0.415	0.783	0.245
109	9	M	0.345	0.255	0.2005	0.063
110	13	F	0.46	0.355	0.458	0.13
111	7	F	0.435	0.325	0.4335	0.155
112	6	I	0.37	0.27	0.2175	0.065
113	9	M	0.515	0.395	0.646	0.172
114	13	F	0.605	0.495	1.0915	0.335
115	7	I	0.415	0.335	0.358	0.105
116	10	M	0.58	0.46	1.4395	0.2955
117	6	I	0.32	0.215	0.305	0.0885
118	7	I	0.365	0.27	0.196	0.06
119	8	M	0.515	0.425	0.9365	0.2185
120	7	I	0.31	0.24	0.1455	0.045
121	8	F	0.57	0.455	1.107	0.27
122	16	F	0.56	0.445	0.981	0.335
123	7	I	0.38	0.29	0.2285	0.075
124	7	I	0.465	0.355	0.442	0.1185
125	10	M	0.615	0.455	0.9335	0.2615
126	8	M	0.63	0.47	1.1325	0.287
127	8	F	0.6	0.465	1.1025	0.25
128	13	M	0.67	0.51	1.68	0.3935
129	11	M	0.72	0.56	1.5865	0.4425
130	6	I	0.37	0.275	0.2045	0.08
131	18	I	0.495	0.37	0.4775	0.169
132	16	F	0.455	0.35	0.4485	0.1335
133	6	I	0.32	0.24	0.133	0.041
134	11	F	0.55	0.43	0.785	0.233
135	10	I	0.56	0.425	0.9175	0.26
136	13	M	0.62	0.48	1.0765	0.3
137	11	M	0.71	0.555	2.14	0.434
138	10	I	0.545	0.43	0.742	0.208
139	12	F	0.73	0.575	1.8795	0.4825
140	11	F	0.605	0.485	0.9515	0.2765
141	9	F	0.49	0.38	0.578	0.18
142	6	I	0.395	0.3	0.253	0.075
143	11	M	0.65	0.505	1.274	0.391
144	11	F	0.505	0.385	0.616	0.21
145	9	I	0.365	0.295	0.25	0.08
146	8	I	0.48	0.365	0.461	0.135
147	16	F	0.615	0.515	1.14	0.42
148	13	F	0.525	0.415	0.8325	0.31
149	10	F	0.63	0.485	1.167	0.34
150	6	F	0.475	0.36	0.5915	0.127
151	16	M	0.59	0.485	0.911	0.29
152	14	M	0.56	0.44	0.971	0.265
153	11	M	0.56	0.455	0.797	0.2425
154	11	F	0.675	0.535	1.5575	0.4
155	8	I	0.475	0.36	0.6325	0.19
156	10	F	0.695	0.55	1.8495	0.4175
157	3	I	0.195	0.15	0.0375	0.011
158	13	M	0.58	0.46	0.921	0.29
159	10	F	0.52	0.41	0.712	0.225
160	8	I	0.46	0.37	0.3965	0.1455
161	13	F	0.475	0.4	0.541	0.21
162	8	M	0.55	0.44	0.9155	0.25
163	11	F	0.53	0.415	0.5915	0.18
164	9	I	0.4	0.3	0.315	0.12
165	4	I	0.21	0.15	0.0455	0.013
166	11	M	0.455	0.35	0.4835	0.16
167	10	M	0.37	0.29	0.241	0.069
168	9	M	0.59	0.485	1.0785	0.31
169	5	I	0.16	0.12	0.021	0.005
170	10	M	0.63	0.495	1.31	0.4695
171	7	I	0.385	0.29	0.232	0.08
172	8	I	0.545	0.405	0.658	0.174
173	5	I	0.235	0.16	0.048	0.015
174	12	M	0.55	0.45	0.7895	0.25
175	10	M	0.58	0.455	0.7955	0.204
176	13	F	0.525	0.415	0.7155	0.27
177	15	F	0.68	0.56	1.639	0.46
178	7	I	0.37	0.28	0.2865	0.0795
179	8	F	0.55	0.43	0.655	0.221
180	5	I	0.35	0.26	0.18	0.055
181	16	F	0.615	0.5	1.1055	0.39
182	13	M	0.455	0.355	0.4745	0.168
183	12	M	0.74	0.58	2.381	0.488
184	6	I	0.44	0.325	0.4165	0.11
185	10	M	0.6	0.465	1.262	0.33
186	10	M	0.34	0.265	0.1835	0.065
187	9	M	0.62	0.48	1.0725	0.312
188	8	I	0.485	0.365	0.426	0.151
189	5	I	0.375	0.265	0.196	0.0585
190	13	M	0.545	0.42	0.879	0.23
191	7	M	0.35	0.265	0.197	0.077
192	10	M	0.34	0.275	0.2065	0.07
193	12	M	0.6	0.45	0.8665	0.255
194	9	M	0.61	0.47	1.1185	0.31
195	8	I	0.33	0.255	0.1655	0.06
196	10	I	0.49	0.365	0.5585	0.1615
197	15	F	0.61	0.49	1.1775	0.295
198	10	F	0.67	0.505	1.0145	0.3745
199	9	I	0.435	0.32	0.3325	0.105
200	9	F	0.675	0.525	1.4785	0.42
201	10	F	0.52	0.41	0.6985	0.215
202	10	M	0.57	0.435	0.9055	0.275
203	9	I	0.455	0.37	0.433	0.145
204	8	I	0.43	0.315	0.384	0.11
205	5	I	0.255	0.19	0.0815	0.031
206	9	M	0.45	0.34	0.3715	0.105
207	8	I	0.53	0.395	0.475	0.148
208	9	F	0.63	0.505	1.306	0.375
209	6	I	0.265	0.195	0.092	0.0245
210	10	F	0.62	0.48	1.043	0.31
211	17	M	0.595	0.475	1.0965	0.35
212	10	F	0.65	0.51	1.567	0.391
213	11	I	0.45	0.355	0.4385	0.1125
214	14	M	0.445	0.35	0.5905	0.19
215	9	F	0.59	0.465	1.151	0.2515
216	11	M	0.655	0.51	1.7835	0.4195
217	12	M	0.485	0.385	0.4775	0.17
218	8	I	0.455	0.33	0.372	0.11
219	10	M	0.645	0.505	1.463	0.416
220	12	F	0.68	0.5	1.741	0.4685
221	8	F	0.38	0.305	0.2815	0.09
222	12	F	0.5	0.385	0.6785	0.195
223	7	M	0.555	0.4	0.7075	0.18
224	8	F	0.645	0.505	1.4325	0.336
225	14	M	0.725	0.57	2.55	0.725
226	14	M	0.5	0.375	0.721	0.22
227	7	M	0.27	0.195	0.106	0.036
228	13	F	0.645	0.525	1.449	0.505
229	10	M	0.585	0.475	1.065	0.2885
230	12	M	0.595	0.47	0.991	0.5
231	7	I	0.43	0.32	0.3855	0.1
232	10	M	0.475	0.37	0.655	0.185
233	11	I	0.51	0.405	0.61	0.235
234	14	I	0.525	0.405	0.795	0.255
235	6	I	0.455	0.335	0.422	0.1
236	8	M	0.52	0.4	0.58	0.185
237	6	I	0.255	0.19	0.083	0.027
238	5	I	0.28	0.215	0.132	0.033
239	7	M	0.515	0.39	0.7125	0.155
240	8	F	0.62	0.465	1.011	0.255
241	12	F	0.51	0.395	0.6175	0.193
242	8	I	0.51	0.405	0.599	0.1485
243	7	I	0.3	0.22	0.1425	0.043
244	14	F	0.665	0.525	1.5785	0.456
245	13	I	0.43	0.325	0.3675	0.12
246	9	M	0.655	0.52	1.1445	0.348
247	11	M	0.645	0.52	1.636	0.432
248	9	I	0.475	0.355	0.4865	0.142
249	10	M	0.55	0.46	0.869	0.32
250	10	M	0.585	0.46	1.206	0.323
251	8	M	0.58	0.45	1.0025	0.2295
252	8	F	0.46	0.365	0.4785	0.141
253	8	F	0.57	0.425	0.782	0.1965
254	10	F	0.63	0.5	1.1105	0.329
255	10	F	0.605	0.475	1.382	0.3985
256	13	M	0.63	0.53	1.4135	0.3555
257	9	F	0.625	0.485	1.254	0.3485
258	7	I	0.475	0.35	0.498	0.14
259	12	I	0.435	0.33	0.406	0.096
260	11	F	0.49	0.385	0.5395	0.165
261	8	I	0.475	0.38	0.441	0.1505
262	5	I	0.275	0.2	0.092	0.027
263	13	M	0.495	0.415	0.7485	0.285
264	9	M	0.63	0.49	1.1955	0.3
265	10	I	0.59	0.45	1.022	0.265
266	14	F	0.655	0.51	1.092	0.37
267	8	I	0.48	0.355	0.4725	0.132
268	5	I	0.395	0.295	0.3025	0.0765
269	12	F	0.74	0.565	2.119	0.482
270	12	I	0.415	0.325	0.3285	0.106
271	9	I	0.43	0.34	0.3575	0.1045
272	7	I	0.345	0.27	0.2135	0.07
273	12	F	0.61	0.47	1.017	0.32
274	9	M	0.45	0.32	0.381	0.115
275	4	I	0.18	0.125	0.0265	0.0085
276	9	M	0.36	0.295	0.2105	0.075
277	5	I	0.385	0.28	0.228	0.0655
278	8	I	0.49	0.4	0.624	0.169
279	5	I	0.2	0.145	0.0345	0.01
280	11	F	0.52	0.405	0.6915	0.215
281	12	F	0.605	0.47	1.0835	0.275
282	7	I	0.365	0.265	0.213	0.06
283	8	I	0.575	0.44	0.983	0.239
284	10	I	0.585	0.46	0.8465	0.295
285	9	M	0.505	0.39	0.653	0.167
286	23	F	0.45	0.38	0.8165	0.265
287	13	F	0.67	0.545	1.707	0.575
288	11	M	0.645	0.49	1.32	0.3385
289	12	I	0.56	0.44	0.9445	0.3
290	11	F	0.72	0.565	1.719	0.3875
291	9	F	0.605	0.485	1.201	0.38
292	19	M	0.695	0.57	1.885	0.5
293	10	M	0.57	0.435	0.7535	0.194
294	8	I	0.395	0.295	0.2725	0.085
295	8	M	0.575	0.44	0.87	0.225
296	18	F	0.61	0.485	1.0915	0.33
297	10	F	0.455	0.36	0.4385	0.125
298	11	I	0.37	0.28	0.233	0.07
299	8	I	0.575	0.43	0.7425	0.22
300	4	I	0.28	0.21	0.1065	0.03
301	7	F	0.4	0.305	0.368	0.105
302	8	M	0.475	0.355	0.48	0.135
303	10	M	0.66	0.505	1.374	0.345
304	6	I	0.33	0.265	0.196	0.0445
305	10	I	0.65	0.52	1.238	0.3305
306	5	I	0.23	0.175	0.0645	0.02
307	7	M	0.31	0.245	0.15	0.048
308	15	M	0.655	0.53	1.2635	0.415
309	10	M	0.605	0.475	1.1255	0.26
310	8	M	0.51	0.39	0.769	0.19
311	6	I	0.38	0.3	0.277	0.082
312	6	I	0.375	0.275	0.2325	0.065
313	10	M	0.63	0.49	1.2005	0.294
314	7	I	0.37	0.275	0.22	0.065
315	10	F	0.58	0.425	0.873	0.239
316	11	F	0.635	0.485	1.073	0.35
317	9	F	0.64	0.505	1.3185	0.3315
318	9	F	0.55	0.425	0.797	0.265
319	9	F	0.605	0.455	0.9775	0.275
320	5	I	0.4	0.29	0.2675	0.0765
321	11	F	0.68	0.55	1.473	0.4295
322	9	M	0.5	0.365	0.5945	0.1535
323	11	F	0.63	0.51	1.235	0.3065
324	8	I	0.44	0.35	0.456	0.131
325	13	F	0.45	0.36	0.4995	0.17
326	11	M	0.535	0.41	0.8105	0.24
327	13	F	0.54	0.435	0.892	0.335
328	10	M	0.675	0.515	1.265	0.325
329	11	M	0.63	0.48	1.271	0.31
330	8	I	0.425	0.32	0.262	0.0725
331	11	M	0.6	0.495	1.3005	0.3285
332	6	I	0.46	0.37	0.5335	0.1345
333	13	I	0.52	0.4	0.66	0.22
334	12	F	0.645	0.485	1.151	0.293
335	13	M	0.615	0.49	1.145	0.343
336	9	I	0.52	0.395	0.663	0.1905
337	10	M	0.535	0.42	0.7465	0.2185
338	10	M	0.56	0.44	1.1115	0.26
339	8	M	0.6	0.455	0.945	0.25
340	11	F	0.705	0.545	1.58	0.265
341	13	M	0.74	0.605	2.4925	0.5235
342	8	I	0.485	0.365	0.651	0.18
343	9	I	0.36	0.275	0.1975	0.07
344	9	M	0.5	0.38	0.5765	0.145
345	13	I	0.605	0.47	0.939	0.32
346	6	I	0.28	0.21	0.111	0.03
347	10	F	0.595	0.44	0.964	0.2575
348	16	F	0.57	0.435	0.8085	0.22
349	11	F	0.71	0.545	1.907	0.475
350	8	F	0.59	0.46	1.0115	0.2565
351	6	I	0.31	0.23	0.1245	0.038
352	11	F	0.63	0.495	1.3075	0.315
353	7	I	0.465	0.355	0.474	0.12
354	20	M	0.65	0.515	1.4805	0.525
355	9	F	0.55	0.415	0.7635	0.2
356	11	M	0.635	0.515	1.2075	0.345
357	7	M	0.52	0.395	0.8115	0.2
358	3	I	0.18	0.13	0.0275	0.009
359	11	M	0.6	0.475	1.089	0.292
360	11	F	0.58	0.465	0.9865	0.25
361	9	I	0.59	0.445	0.7715	0.23
362	9	F	0.405	0.325	0.3555	0.117
363	10	F	0.615	0.52	1.3435	0.345
364	7	I	0.485	0.375	0.6025	0.16
365	10	I	0.575	0.425	0.7965	0.239
366	7	M	0.405	0.305	0.3185	0.095
367	9	F	0.635	0.5	1.4595	0.39
368	9	M	0.67	0.525	1.4405	0.425
369	5	F	0.37	0.275	0.2405	0.07
370	14	M	0.55	0.41	0.7605	0.195
371	7	I	0.4	0.29	0.258	0.0815
372	9	F	0.545	0.41	0.6765	0.22
373	6	I	0.365	0.27	0.2215	0.07
374	10	F	0.525	0.4	0.714	0.208
375	12	M	0.63	0.49	1.13	0.315
376	16	M	0.58	0.46	1.2275	0.435
377	7	I	0.485	0.37	0.513	0.13
378	8	I	0.46	0.35	0.471	0.123
379	11	F	0.695	0.565	1.7635	0.4975
380	5	I	0.335	0.255	0.168	0.05
381	7	I	0.51	0.405	0.769	0.18
382	12	M	0.48	0.38	0.6175	0.175
383	7	I	0.405	0.3	0.324	0.11
384	5	I	0.265	0.205	0.1055	0.035
385	16	F	0.65	0.515	1.498	0.425
386	7	I	0.485	0.385	0.568	0.154
387	10	M	0.595	0.455	0.886	0.223
388	9	I	0.475	0.375	0.456	0.16
389	9	F	0.38	0.3	0.3215	0.095
390	7	F	0.305	0.225	0.1485	0.045
391	9	M	0.46	0.375	0.5105	0.205
392	11	F	0.72	0.545	1.7185	0.468
393	9	M	0.625	0.495	1.177	0.345
394	14	M	0.49	0.395	0.5545	0.215
395	13	M	0.685	0.52	1.343	0.4
396	8	I	0.445	0.355	0.3615	0.12
397	6	I	0.335	0.25	0.183	0.0575
398	3	I	0.11	0.09	0.008	0.003
399	8	M	0.525	0.425	0.812	0.195
400	7	M	0.54	0.41	0.56	0.175
401	9	M	0.515	0.35	0.9225	0.273
402	11	M	0.605	0.49	1.1245	0.3555
403	10	F	0.65	0.535	1.2895	0.344
404	19	F	0.53	0.41	0.8115	0.24
405	10	M	0.62	0.465	0.911	0.278
406	5	M	0.28	0.205	0.1165	0.03
407	14	I	0.55	0.425	0.806	0.245
408	9	M	0.6	0.465	1.038	0.251
409	9	M	0.625	0.5	1.0985	0.354
410	5	I	0.3	0.23	0.15	0.045
411	8	F	0.575	0.435	1.0305	0.36
412	6	I	0.315	0.23	0.164	0.045
413	7	I	0.44	0.335	0.4215	0.113
414	5	I	0.185	0.135	0.027	0.009
415	12	M	0.62	0.485	1.0295	0.335
416	11	I	0.535	0.45	0.781	0.295
417	6	I	0.405	0.3	0.269	0.11
418	8	I	0.455	0.325	0.82	0.211
419	21	M	0.67	0.55	1.247	0.4
420	6	I	0.34	0.245	0.2015	0.053
421	9	F	0.56	0.43	0.8825	0.31
422	8	F	0.505	0.38	0.693	0.1515
423	10	M	0.67	0.5	1.519	0.415
424	8	I	0.35	0.255	0.1785	0.0525
425	7	M	0.59	0.465	1.046	0.263
426	9	F	0.61	0.5	1.438	0.3345
427	6	I	0.385	0.265	0.251	0.07
428	10	F	0.65	0.505	1.2075	0.39
429	16	M	0.65	0.52	1.3445	0.4465
430	9	F	0.49	0.385	0.656	0.205
431	10	F	0.655	0.505	1.2905	0.326
432	7	M	0.35	0.265	0.2965	0.085
433	9	F	0.505	0.39	0.644	0.1635
434	15	F	0.635	0.505	1.415	0.365
435	12	I	0.56	0.44	0.8	0.25
436	7	F	0.39	0.29	0.3055	0.09
437	7	I	0.38	0.285	0.243	0.075
438	11	M	0.58	0.475	0.97	0.35
439	17	M	0.575	0.435	0.805	0.27
440	15	M	0.445	0.345	0.476	0.1085
441	5	I	0.315	0.23	0.1145	0.0385
442	5	I	0.33	0.205	0.1595	0.0435
443	14	F	0.55	0.465	1.082	0.19
444	7	F	0.55	0.425	0.952	0.2185
445	11	F	0.655	0.515	1.527	0.331
446	10	I	0.38	0.275	0.2255	0.085
447	17	F	0.72	0.56	1.7265	0.525
448	5	I	0.275	0.175	0.2315	0.0705
449	10	I	0.47	0.375	0.468	0.17
450	14	F	0.7	0.575	1.31	0.42
451	8	I	0.44	0.325	0.4965	0.1075
452	7	I	0.34	0.25	0.1765	0.05
453	11	F	0.61	0.485	1.1005	0.305
454	9	F	0.56	0.44	0.8025	0.259
455	15	M	0.695	0.57	2.033	0.685
456	13	F	0.72	0.575	1.9335	0.51
457	8	I	0.42	0.31	0.2805	0.0925
458	11	I	0.555	0.435	0.6975	0.24
459	7	M	0.37	0.28	0.2225	0.075
460	10	M	0.5	0.375	0.636	0.19
461	7	M	0.235	0.17	0.0515	0.0195
462	11	M	0.65	0.525	1.4715	0.399
463	8	I	0.57	0.44	0.755	0.224
464	6	M	0.48	0.375	0.6765	0.17
465	10	I	0.55	0.425	0.656	0.203
466	9	F	0.5	0.395	0.7145	0.195
467	12	M	0.61	0.5	1.2715	0.49
468	7	I	0.495	0.33	0.44	0.15
469	11	F	0.67	0.54	1.619	0.465
470	8	M	0.535	0.43	0.7165	0.2155
471	12	F	0.575	0.45	0.9585	0.275
472	7	I	0.455	0.335	0.501	0.1065
473	15	F	0.6	0.47	1.031	0.29
474	10	M	0.46	0.365	0.467	0.158
475	16	F	0.535	0.425	0.7765	0.25
476	8	M	0.615	0.505	1.403	0.365
477	10	F	0.575	0.45	0.8285	0.236
478	6	F	0.34	0.255	0.204	0.05
479	10	F	0.6	0.47	0.922	0.305
480	21	F	0.665	0.5	1.742	0.725
481	13	F	0.43	0.335	0.444	0.14
482	11	M	0.68	0.52	1.543	0.374
483	8	M	0.63	0.485	1.278	0.31
484	14	I	0.625	0.465	0.972	0.35
485	10	M	0.53	0.435	0.699	0.205
486	7	I	0.475	0.355	0.5195	0.1325
487	13	M	0.55	0.43	0.9295	0.355
488	7	I	0.44	0.325	0.35	0.105
489	19	M	0.63	0.515	1.016	0.355
490	8	I	0.51	0.405	0.6795	0.182
491	18	M	0.665	0.525	1.338	0.35
492	7	F	0.53	0.395	0.775	0.255
493	9	F	0.57	0.45	0.908	0.255
494	10	M	0.66	0.51	1.261	0.339
495	8	I	0.415	0.315	0.3645	0.095
496	8	I	0.555	0.43	0.7005	0.2095
497	7	M	0.575	0.45	0.948	0.259
498	14	M	0.495	0.39	0.853	0.27
499	12	M	0.46	0.375	0.4935	0.17
500	7	F	0.375	0.27	0.597	0.1675
501	5	I	0.21	0.15	0.0465	0.015
502	11	F	0.725	0.53	1.7315	0.405
503	7	I	0.375	0.28	0.2165	0.07
504	7	I	0.415	0.325	0.313	0.0965
505	12	F	0.53	0.4	0.772	0.23
506	6	I	0.375	0.28	0.226	0.065
507	12	M	0.65	0.51	1.155	0.385
508	11	I	0.61	0.425	1.0485	0.274
509	9	M	0.61	0.475	1.142	0.245
510	7	F	0.575	0.46	0.9945	0.265
511	10	M	0.575	0.44	1.025	0.2485
512	10	F	0.47	0.36	0.472	0.15
513	9	F	0.6	0.485	0.776	0.239
514	6	I	0.34	0.255	0.18	0.0525
515	9	I	0.67	0.485	1.2565	0.386
516	7	F	0.72	0.525	1.445	0.435
517	13	F	0.695	0.55	1.6365	0.44
518	9	F	0.415	0.325	0.3455	0.11
519	9	M	0.505	0.41	0.642	0.155
520	8	I	0.495	0.355	0.4965	0.1495
521	15	M	0.695	0.515	1.5165	0.39
522	11	F	0.52	0.405	0.627	0.181
523	8	I	0.465	0.345	0.393	0.12
524	13	M	0.605	0.465	1.056	0.34
525	10	M	0.61	0.47	1.214	0.325
526	18	I	0.485	0.38	0.673	0.195
527	9	I	0.44	0.365	0.501	0.1465
528	7	I	0.39	0.29	0.2845	0.081
529	15	M	0.59	0.475	1.053	0.325
530	18	M	0.545	0.41	0.873	0.31
531	11	F	0.545	0.44	0.7745	0.265
532	6	I	0.35	0.27	0.215	0.065
533	8	F	0.44	0.33	0.4005	0.12
534	10	F	0.49	0.38	0.549	0.174
535	19	F	0.68	0.55	1.798	0.455
536	7	M	0.38	0.235	0.258	0.08
537	12	M	0.63	0.49	1.09	0.354
538	8	I	0.525	0.38	0.615	0.175
539	11	M	0.68	0.53	1.529	0.4025
540	8	I	0.455	0.34	0.486	0.1315
541	11	M	0.635	0.495	1.172	0.3475
542	9	I	0.525	0.4	0.601	0.1835
543	21	M	0.675	0.555	1.4385	0.465
544	15	F	0.605	0.475	1.0185	0.27
545	7	I	0.45	0.335	0.3935	0.11
546	9	I	0.54	0.42	0.6275	0.235
547	8	F	0.64	0.5	1.0705	0.36
548	13	F	0.625	0.475	0.8595	0.24
549	9	M	0.555	0.455	0.837	0.235
550	7	I	0.44	0.345	0.365	0.11
551	7	M	0.585	0.465	0.9555	0.265
552	10	I	0.585	0.475	1.0505	0.285
553	10	F	0.535	0.405	0.6845	0.205
554	8	I	0.44	0.34	0.344	0.125
555	13	F	0.535	0.4	0.8045	0.21
556	6	I	0.43	0.335	0.378	0.09
557	4	I	0.21	0.15	0.04	0.0105
558	9	M	0.515	0.37	0.6145	0.146
559	11	M	0.415	0.32	0.3005	0.104
560	9	F	0.625	0.49	1.127	0.3185
561	8	I	0.515	0.39	0.5705	0.185
562	6	I	0.375	0.28	0.2235	0.055
563	20	F	0.585	0.47	1.099	0.358
564	8	M	0.61	0.49	1.146	0.265
565	11	F	0.66	0.53	1.346	0.476
566	10	M	0.635	0.495	1.3635	0.295
567	10	F	0.6	0.48	1.0645	0.325
568	12	F	0.48	0.39	0.6905	0.2
569	12	M	0.46	0.355	0.415	0.13
570	7	I	0.44	0.355	0.495	0.125
571	11	F	0.63	0.495	1.4255	0.38
572	15	F	0.52	0.4	0.6245	0.17
573	13	F	0.59	0.485	1.2315	0.42
574	11	M	0.5	0.39	0.651	0.22
575	8	I	0.5	0.385	0.56	0.135
576	6	I	0.41	0.325	0.3245	0.106
577	10	I	0.58	0.46	0.8295	0.238
578	8	I	0.51	0.395	0.5525	0.165
579	8	M	0.57	0.45	0.9275	0.2515
580	4	I	0.21	0.15	0.042	0.015
581	8	I	0.315	0.23	0.144	0.04
582	14	M	0.52	0.45	0.895	0.235
583	6	M	0.45	0.335	0.4475	0.11
584	9	M	0.665	0.5	1.2975	0.315
585	17	F	0.58	0.455	0.9215	0.3
586	12	F	0.66	0.5	1.3765	0.335
587	13	F	0.675	0.55	1.689	0.474
588	9	F	0.69	0.53	1.5535	0.3695
589	6	I	0.435	0.325	0.342	0.105
590	8	M	0.43	0.335	0.406	0.135
591	8	F	0.575	0.46	1.065	0.2815
592	14	F	0.605	0.485	1.0735	0.33
593	9	F	0.595	0.47	1.0155	0.289
594	14	M	0.5	0.385	0.7615	0.204
595	7	I	0.31	0.215	0.1275	0.036
596	14	M	0.65	0.525	1.4995	0.395
597	7	I	0.32	0.235	0.183	0.042
598	9	F	0.715	0.565	1.79	0.5385
599	12	M	0.525	0.415	0.6445	0.22
600	9	F	0.625	0.5	1.288	0.315
601	8	I	0.42	0.325	0.314	0.1
602	11	F	0.44	0.355	0.415	0.131
603	10	F	0.645	0.48	1.1345	0.305
604	10	F	0.65	0.545	1.5055	0.43
605	19	M	0.59	0.475	0.9455	0.27
606	11	M	0.62	0.48	1.2555	0.3175
607	8	I	0.495	0.375	0.494	0.191
608	13	F	0.56	0.435	0.8775	0.29
609	13	M	0.575	0.47	1.1415	0.4
610	13	F	0.605	0.485	1.222	0.28
611	10	I	0.56	0.44	0.825	0.245
612	8	M	0.57	0.42	0.8745	0.25
613	9	F	0.55	0.445	0.9905	0.218
614	9	I	0.54	0.395	0.6555	0.192
615	4	I	0.255	0.195	0.0725	0.021
616	14	M	0.695	0.55	1.9565	0.59
617	13	M	0.625	0.47	1.7855	0.3245
618	5	I	0.215	0.165	0.059	0.0185
619	9	M	0.615	0.53	1.12	0.286
620	7	I	0.41	0.335	0.33	0.17
621	6	M	0.27	0.2	0.1205	0.04
622	11	M	0.695	0.55	1.6645	0.445
623	9	I	0.535	0.455	1.0015	0.244
624	6	I	0.185	0.375	0.4645	0.15
625	8	I	0.525	0.4	0.6455	0.17
626	9	F	0.62	0.475	1.3245	0.3275
627	8	M	0.42	0.34	0.4215	0.135
628	6	I	0.355	0.265	0.2435	0.06
629	8	I	0.325	0.24	0.152	0.054
630	7	I	0.355	0.275	0.251	0.08
631	9	I	0.49	0.39	0.511	0.1745
632	10	M	0.705	0.565	2.21	0.512
633	6	I	0.38	0.275	0.256	0.0755
634	10	F	0.45	0.36	0.5065	0.16
635	8	M	0.495	0.395	0.553	0.167
636	9	M	0.6	0.48	0.9165	0.2725
637	10	M	0.615	0.475	1.103	0.2725
638	10	I	0.54	0.415	0.619	0.1765
639	9	F	0.635	0.51	1.2235	0.354
640	14	M	0.59	0.45	0.7485	0.22
641	5	M	0.175	0.135	0.0305	0.01
642	6	I	0.325	0.24	0.187	0.05
643	16	F	0.515	0.4	0.796	0.28
644	8	M	0.51	0.41	0.796	0.1955
645	15	M	0.495	0.4	0.6605	0.19
646	8	I	0.53	0.42	0.658	0.198
647	6	I	0.295	0.215	0.121	0.0405
648	8	F	0.58	0.445	0.95	0.2325
649	11	I	0.56	0.435	0.72	0.251
650	8	I	0.51	0.4	0.5935	0.204
651	20	F	0.595	0.475	1.247	0.425
652	12	F	0.62	0.515	1.3255	0.335
653	7	I	0.325	0.25	0.1745	0.04
654	8	M	0.445	0.35	0.3615	0.117
655	10	F	0.72	0.55	1.52	0.435
656	7	I	0.52	0.39	0.5545	0.1895
657	13	M	0.64	0.5	1.273	0.405
658	10	M	0.61	0.475	0.983	0.266
659	10	F	0.715	0.585	2.0725	0.565
660	14	M	0.485	0.395	0.6295	0.225
661	12	M	0.52	0.385	0.669	0.205
662	11	I	0.66	0.525	1.786	0.4065
663	7	F	0.46	0.375	0.4915	0.17
664	6	F	0.53	0.42	0.828	0.1505
665	14	M	0.61	0.48	1.2	0.28
666	7	I	0.405	0.25	0.2875	0.0805
667	9	F	0.6	0.475	1.13	0.305
668	19	F	0.66	0.52	1.514	0.42
669	8	I	0.615	0.475	0.8425	0.251
670	10	M	0.4	0.315	0.287	0.113
671	8	F	0.45	0.355	0.5225	0.145
672	12	F	0.64	0.52	1.248	0.48
673	17	M	0.625	0.5	1.369	0.37
674	12	M	0.635	0.5	1.4345	0.418
675	7	I	0.35	0.235	0.17	0.0495
676	10	F	0.665	0.515	1.389	0.395
677	10	F	0.58	0.5	0.925	0.3005
678	15	F	0.505	0.41	0.657	0.195
679	11	M	0.67	0.545	1.7025	0.41
680	5	I	0.375	0.29	0.213	0.061
681	13	F	0.67	0.52	1.32	0.4275
682	11	I	0.62	0.47	0.966	0.284
683	6	I	0.325	0.24	0.1525	0.043
684	5	I	0.215	0.15	0.0385	0.01
685	11	M	0.625	0.49	1.1165	0.3325
686	9	I	0.535	0.4	0.6025	0.154
687	8	I	0.45	0.34	0.4045	0.1345
688	11	F	0.485	0.4	0.731	0.255
689	14	M	0.535	0.42	0.8055	0.28
690	10	M	0.515	0.38	0.6615	0.155
691	11	M	0.31	0.235	0.12	0.04
692	11	F	0.6	0.5	1.13	0.335
693	11	F	0.625	0.49	1.7015	0.3855
694	6	I	0.32	0.225	0.1415	0.0405
695	9	M	0.595	0.475	0.944	0.315
696	11	M	0.615	0.485	0.9615	0.29
697	9	F	0.675	0.52	1.494	0.37
698	16	M	0.575	0.47	0.853	0.35
699	6	I	0.34	0.25	0.179	0.055
700	10	F	0.5	0.4	0.6675	0.22
701	10	M	0.46	0.34	0.495	0.185
702	10	M	0.63	0.485	1.233	0.3035
703	17	M	0.655	0.485	1.62	0.485
704	14	I	0.43	0.34	0.384	0.146
705	14	I	0.385	0.305	0.252	0.09
706	7	M	0.265	0.2	0.084	0.03
707	10	F	0.625	0.48	1.3525	0.365
708	10	M	0.6	0.47	1.012	0.305
709	11	M	0.585	0.51	1.218	0.3
710	10	I	0.54	0.405	0.7585	0.19
711	9	I	0.525	0.4	0.6055	0.21
712	8	F	0.525	0.415	0.724	0.175
713	9	M	0.525	0.4	0.622	0.184
714	7	M	0.29	0.23	0.1165	0.04
715	9	F	0.575	0.48	1.078	0.306
716	9	F	0.62	0.49	1.056	0.2725
717	6	M	0.335	0.235	0.1545	0.045
718	11	F	0.54	0.42	0.805	0.21
719	11	M	0.68	0.515	1.6115	0.395
720	6	I	0.32	0.24	0.131	0.038
721	13	M	0.62	0.49	1.218	0.355
722	10	F	0.61	0.475	1.1155	0.379
723	13	I	0.515	0.4	0.659	0.17
724	8	M	0.525	0.4	0.7205	0.1735
725	9	F	0.37	0.29	0.25	0.075
726	9	M	0.47	0.37	0.51	0.1625
727	9	M	0.41	0.3	0.301	0.09
728	12	F	0.52	0.41	0.807	0.235
729	11	F	0.69	0.535	1.826	0.499
730	8	I	0.525	0.385	0.607	0.195
731	11	F	0.61	0.475	1.1135	0.3005
732	12	I	0.625	0.47	1.1955	0.3145
733	14	M	0.58	0.45	1.013	0.36
734	8	I	0.485	0.37	0.5065	0.1465
735	7	I	0.435	0.335	0.298	0.115
736	9	M	0.615	0.47	1.0875	0.2685
737	8	I	0.485	0.375	0.521	0.17
738	14	F	0.555	0.455	0.958	0.39
739	8	I	0.37	0.285	0.226	0.0675
740	9	I	0.5	0.395	0.6215	0.195
741	5	I	0.285	0.21	0.109	0.033
742	10	M	0.605	0.455	1.1215	0.271
743	12	F	0.67	0.55	1.3905	0.4
744	7	M	0.505	0.4	0.723	0.178
745	7	I	0.47	0.355	0.4485	0.123
746	5	M	0.285	0.215	0.106	0.035
747	9	I	0.49	0.385	0.591	0.1775
748	13	M	0.6	0.48	1.229	0.415
749	13	I	0.615	0.49	0.9885	0.345
750	11	F	0.625	0.445	1.09	0.304
751	17	M	0.64	0.52	1.407	0.455
752	12	M	0.765	0.585	2.398	0.5335
753	7	I	0.315	0.235	0.149	0.047
754	11	M	0.64	0.505	1.297	0.363
755	17	M	0.655	0.58	2.0805	0.601
756	8	I	0.495	0.375	0.5755	0.1395
757	17	I	0.61	0.46	1.278	0.37
758	17	F	0.505	0.41	0.6345	0.215
759	6	I	0.435	0.33	0.413	0.096
760	9	F	0.56	0.44	0.9705	0.255
761	11	M	0.58	0.465	0.887	0.265
762	10	M	0.52	0.385	0.791	0.1815
763	8	I	0.41	0.315	0.3	0.1
764	13	I	0.575	0.475	0.967	0.275
765	22	M	0.545	0.42	0.7505	0.255
766	11	F	0.725	0.56	1.792	0.435
767	4	I	0.17	0.105	0.034	0.005
768	8	M	0.41	0.335	0.4405	0.135
769	9	I	0.55	0.425	0.639	0.217
770	23	F	0.8	0.63	2.526	0.62
771	8	I	0.495	0.385	0.585	0.165
772	8	I	0.55	0.415	0.7815	0.2215
773	10	F	0.545	0.42	0.754	0.275
774	11	M	0.64	0.495	1.307	0.266
775	12	M	0.59	0.46	1.102	0.33
776	9	F	0.49	0.375	0.5755	0.19
777	7	I	0.415	0.305	0.336	0.0805
778	9	M	0.5	0.37	1.0615	0.296
779	10	M	0.57	0.44	0.8815	0.2735
780	9	M	0.645	0.5	1.3815	0.315
781	14	F	0.645	0.55	1.2915	0.33
782	8	I	0.49	0.375	0.557	0.1765
783	11	M	0.66	0.51	1.218	0.37
784	11	M	0.5	0.385	0.551	0.206
785	10	M	0.485	0.355	0.547	0.14
786	8	M	0.62	0.47	1.0195	0.2475
787	11	I	0.55	0.42	0.668	0.209
788	7	M	0.56	0.45	0.9	0.218
789	12	M	0.72	0.6	2.2385	0.621
790	8	I	0.485	0.36	0.5155	0.147
791	11	F	0.58	0.44	0.7855	0.195
792	9	F	0.575	0.47	0.869	0.238
793	11	M	0.62	0.485	1.003	0.28
794	8	M	0.61	0.48	1.031	0.27
795	8	F	0.43	0.325	0.445	0.155
796	10	M	0.35	0.26	0.198	0.06
797	4	I	0.28	0.12	0.117	0.0345
798	6	I	0.325	0.225	0.139	0.09
799	7	I	0.375	0.28	0.3155	0.067
800	6	I	0.325	0.245	0.161	0.045
801	6	I	0.235	0.18	0.058	0.018
802	6	I	0.29	0.21	0.097	0.03
803	9	M	0.525	0.42	0.842	0.2045
804	7	I	0.37	0.27	0.1855	0.065
805	15	F	0.595	0.48	0.975	0.34
806	8	M	0.63	0.465	1.027	0.176
807	10	F	0.575	0.46	0.9575	0.236
808	14	M	0.665	0.535	1.383	0.485
809	10	M	0.645	0.505	1.307	0.52
810	6	F	0.585	0.45	0.874	0.225
811	13	M	0.76	0.605	2.173	0.646
812	14	F	0.47	0.355	0.5465	0.185
813	8	M	0.55	0.385	0.7275	0.19
814	7	I	0.44	0.33	0.38	0.09
815	9	M	0.61	0.485	1.281	0.33
816	6	I	0.35	0.27	0.2055	0.062
817	8	F	0.45	0.365	0.5885	0.1325
818	19	M	0.56	0.45	1.07	0.41
819	12	M	0.665	0.525	1.429	0.4
820	5	I	0.35	0.265	0.199	0.06
821	8	M	0.455	0.35	0.458	0.1305
822	4	I	0.2	0.145	0.037	0.011
823	7	M	0.545	0.42	0.7865	0.17
824	10	M	0.685	0.535	1.3845	0.4075
825	13	M	0.485	0.41	0.696	0.265
826	11	M	0.635	0.495	1.081	0.31
827	4	M	0.195	0.145	0.032	0.012
828	12	M	0.455	0.345	0.44	0.135
829	10	F	0.66	0.53	1.431	0.398
830	8	I	0.48	0.37	0.536	0.15
831	15	M	0.66	0.535	1.791	0.54
832	9	I	0.54	0.425	0.742	0.25
833	14	M	0.6	0.475	1.0875	0.325
834	10	M	0.685	0.55	1.885	0.4895
835	7	F	0.465	0.355	0.4705	0.126
836	7	I	0.395	0.31	0.313	0.093
837	7	I	0.32	0.24	0.1735	0.05
838	10	I	0.52	0.41	0.699	0.1945
839	11	F	0.575	0.445	0.883	0.26
840	14	F	0.61	0.47	1.153	0.32
841	12	F	0.64	0.51	1.3905	0.41
842	11	M	0.675	0.515	1.312	0.4115
843	9	M	0.575	0.465	1.0535	0.235
844	10	F	0.65	0.545	1.5245	0.495
845	8	I	0.455	0.435	0.4265	0.1205
846	8	M	0.52	0.38	0.5825	0.175
847	8	I	0.505	0.395	0.551	0.171
848	10	F	0.54	0.385	0.7655	0.2365
849	15	M	0.505	0.385	0.6775	0.2
850	8	I	0.415	0.31	0.311	0.115
851	10	F	0.55	0.45	0.875	0.2765
852	10	M	0.715	0.545	1.7405	0.449
853	8	M	0.595	0.485	1.0835	0.276
854	9	F	0.665	0.5	1.4355	0.37
855	12	M	0.56	0.46	0.8395	0.305
856	11	F	0.64	0.5	1.1635	0.32
857	8	F	0.585	0.455	0.8755	0.225
858	10	M	0.58	0.43	0.798	0.2285
859	12	F	0.61	0.485	1.2405	0.3085
860	10	I	0.465	0.325	0.7615	0.209
861	10	M	0.625	0.505	1.1565	0.3535
862	6	I	0.38	0.275	0.2505	0.075
863	6	M	0.33	0.215	0.1145	0.035
864	8	I	0.47	0.355	0.393	0.115
865	13	I	0.615	0.46	1.066	0.33
866	13	F	0.675	0.555	1.925	0.4535
867	8	M	0.44	0.325	0.413	0.13
868	8	I	0.495	0.38	0.5095	0.165
869	6	I	0.42	0.305	0.328	0.082
870	12	M	0.7	0.55	1.4405	0.375
871	6	I	0.44	0.35	0.3805	0.115
872	5	I	0.41	0.32	0.2905	0.073
873	14	F	0.605	0.495	1.2385	0.39
874	14	I	0.45	0.345	0.443	0.1175
875	6	I	0.31	0.225	0.155	0.0365
876	6	I	0.335	0.25	0.1695	0.0495
877	14	F	0.52	0.41	0.8705	0.25
878	8	M	0.605	0.475	0.884	0.27
879	14	I	0.61	0.475	1.0385	0.32
880	10	M	0.615	0.47	1.128	0.34
881	13	F	0.665	0.57	1.522	0.405
882	8	I	0.54	0.425	0.686	0.213
883	11	M	0.625	0.47	1.1665	0.3945
884	6	I	0.46	0.345	0.4215	0.111
885	9	F	0.64	0.5	1.2645	0.315
886	11	M	0.66	0.505	1.4385	0.178
887	6	I	0.28	0.205	0.1015	0.03
888	4	I	0.275	0.2	0.0925	0.026
889	10	F	0.67	0.55	1.566	0.354
890	12	F	0.585	0.455	0.998	0.315
891	7	F	0.305	0.23	0.156	0.048
892	10	F	0.695	0.535	1.361	0.465
893	12	M	0.65	0.51	1.3165	0.364
894	15	F	0.61	0.495	1.213	0.365
895	8	I	0.47	0.355	0.499	0.155
896	21	M	0.595	0.475	1.3175	0.58
897	13	F	0.735	0.565	2.037	0.5675
898	13	M	0.55	0.435	0.906	0.295
899	10	F	0.655	0.51	1.6525	0.403
900	13	M	0.695	0.58	1.8995	0.5295
901	9	F	0.37	0.285	0.27	0.0835
902	10	I	0.35	0.26	0.174	0.06
903	7	I	0.46	0.345	0.4155	0.107
904	10	F	0.68	0.52	1.541	0.4575
905	11	M	0.685	0.535	1.432	0.46
906	8	I	0.42	0.32	0.34	0.0945
907	6	I	0.44	0.345	0.4495	0.134
908	8	M	0.355	0.265	0.168	0.063
909	7	I	0.465	0.37	0.445	0.166
910	15	M	0.57	0.43	1.0615	0.31
911	15	F	0.665	0.53	1.3955	0.49
912	14	M	0.43	0.33	0.34	0.112
913	11	F	0.71	0.55	1.614	0.45
914	7	I	0.265	0.2	0.0975	0.028
915	11	M	0.655	0.59	1.5455	0.415
916	12	F	0.71	0.555	1.47	0.431
917	12	M	0.575	0.45	0.9215	0.256
918	6	I	0.425	0.325	0.398	0.0945
919	15	M	0.635	0.48	1.467	0.42
920	16	F	0.545	0.425	0.768	0.26
921	13	I	0.61	0.48	1.097	0.335
922	14	M	0.58	0.45	0.927	0.36
923	11	M	0.65	0.525	1.3685	0.4
924	6	I	0.37	0.28	0.2565	0.0645
925	8	F	0.505	0.39	0.5725	0.146
926	7	M	0.57	0.46	0.9035	0.214
927	10	M	0.54	0.455	0.972	0.269
928	9	I	0.535	0.42	0.6885	0.237
929	9	I	0.445	0.36	0.4235	0.14
930	7	F	0.52	0.46	1.019	0.254
931	8	I	0.45	0.355	0.4445	0.1335
932	9	F	0.605	0.515	1.289	0.3315
933	11	F	0.505	0.405	0.606	0.18
934	9	M	0.56	0.465	0.8875	0.2695
935	11	M	0.675	0.505	1.532	0.3815
936	5	I	0.21	0.17	0.0475	0.013
937	11	M	0.48	0.375	0.5895	0.172
938	7	I	0.395	0.29	0.319	0.082
939	8	F	0.57	0.435	0.8585	0.2295
940	11	F	0.65	0.505	1.357	0.43
941	9	M	0.595	0.475	1.213	0.274
942	17	M	0.52	0.425	0.7735	0.255
943	10	M	0.645	0.5	1.3375	0.415
944	8	M	0.63	0.48	1.286	0.35
945	8	M	0.535	0.435	0.874	0.2195
946	15	M	0.695	0.56	1.494	0.485
947	8	I	0.505	0.39	0.685	0.156
948	10	M	0.525	0.405	0.7575	0.195
949	13	M	0.555	0.455	1.0575	0.293
950	8	F	0.455	0.365	0.4305	0.1245
951	7	I	0.51	0.395	0.6025	0.162
952	7	I	0.38	0.275	0.1375	0.0605
953	5	I	0.36	0.26	0.1795	0.06
954	11	M	0.625	0.49	1.169	0.344
955	11	F	0.67	0.515	1.4265	0.37
956	7	I	0.45	0.35	0.494	0.1405
957	10	M	0.345	0.255	0.169	0.054
958	8	F	0.595	0.435	0.9	0.265
959	11	F	0.66	0.525	1.463	0.422
960	10	F	0.415	0.34	0.3675	0.12
961	7	F	0.37	0.295	0.2685	0.0835
962	11	M	0.58	0.46	1.145	0.325
963	6	I	0.4	0.29	0.329	0.0825
964	12	F	0.395	0.3	0.3375	0.098
965	9	F	0.435	0.395	0.3635	0.13
966	8	I	0.46	0.335	0.444	0.11
967	13	M	0.725	0.575	2.21	0.5015
968	4	I	0.245	0.18	0.071	0.0215
969	13	M	0.65	0.525	1.4275	0.4355
970	11	M	0.705	0.55	1.4385	0.462
971	10	F	0.63	0.475	1.0005	0.265
972	7	I	0.37	0.275	0.2065	0.058
973	11	M	0.65	0.515	1.463	0.4115
974	8	F	0.64	0.51	1.486	0.321
975	11	M	0.65	0.525	1.5365	0.405
976	9	M	0.65	0.505	1.469	0.38
977	6	I	0.4	0.295	0.252	0.066
978	8	F	0.655	0.53	1.2835	0.4
979	10	F	0.645	0.51	1.129	0.342
980	7	I	0.415	0.325	0.4665	0.114
981	8	M	0.37	0.28	0.224	0.075
982	10	F	0.545	0.44	0.9185	0.2375
983	6	I	0.335	0.26	0.192	0.054
984	9	M	0.575	0.48	0.9465	0.2505
985	8	I	0.395	0.3	0.279	0.075
986	8	M	0.625	0.48	1.2065	0.286
987	10	I	0.63	0.475	1.0605	0.28
988	10	I	0.575	0.45	0.8715	0.225
989	13	M	0.505	0.4	0.77	0.255
990	9	M	0.615	0.475	1.4335	0.3285
991	10	F	0.585	0.435	0.982	0.27
992	9	F	0.66	0.5	1.3275	0.4085
993	11	F	0.635	0.495	1.596	0.37
994	7	F	0.455	0.35	0.4555	0.1375
995	10	M	0.66	0.525	1.478	0.372
996	11	M	0.67	0.515	1.1735	0.316
997	8	I	0.425	0.3	0.3515	0.12
998	9	M	0.505	0.385	0.5525	0.1555
999	12	M	0.725	0.505	1.978	0.4505
1000	9	F	0.47	0.365	0.4205	0.14
1001	10	I	0.515	0.42	0.6725	0.235
1002	9	F	0.56	0.435	0.8715	0.1835
1003	10	M	0.54	0.42	0.6855	0.38
1004	16	M	0.595	0.47	0.991	0.34
1005	11	I	0.55	0.43	0.7895	0.223
1006	10	M	0.44	0.365	0.516	0.155
1007	10	M	0.505	0.385	0.4825	0.1535
1008	11	I	0.44	0.31	0.3625	0.12
1009	11	F	0.585	0.475	0.9585	0.33
1010	9	I	0.525	0.415	0.596	0.1695
1011	10	M	0.61	0.475	1.168	0.3295
1012	9	F	0.615	0.475	1.027	0.285
1013	7	I	0.475	0.375	0.5205	0.1455
1014	9	I	0.51	0.455	0.6855	0.2035
1015	10	F	0.73	0.57	2.0165	0.435
1016	9	M	0.555	0.425	0.873	0.1965
1017	17	F	0.53	0.42	1.001	0.265
1018	6	I	0.385	0.28	0.244	0.085
1019	11	F	0.59	0.475	0.9715	0.28
1020	20	F	0.57	0.45	1.098	0.405
1021	9	M	0.53	0.41	0.769	0.215
1022	7	I	0.415	0.33	0.3905	0.1025
1023	11	M	0.615	0.475	1.337	0.37
1024	11	M	0.715	0.55	1.825	0.44
1025	8	M	0.47	0.375	0.5805	0.169
1026	6	I	0.3	0.22	0.1255	0.039
1027	14	M	0.49	0.42	0.609	0.22
1028	16	M	0.515	0.4	0.7365	0.185
1029	7	I	0.375	0.28	0.2145	0.072
1030	11	M	0.585	0.455	0.987	0.31
1031	12	M	0.54	0.415	0.74	0.245
1032	11	M	0.735	0.585	2.124	0.5
1033	10	I	0.515	0.375	0.6505	0.2215
1034	6	I	0.33	0.255	0.172	0.06
1035	19	M	0.595	0.455	1.3305	0.345
1036	9	M	0.625	0.48	1.1415	0.29
1037	10	M	0.475	0.375	0.563	0.185
1038	16	M	0.64	0.5	1.3035	0.465
1039	15	F	0.5	0.375	0.604	0.179
1040	7	I	0.48	0.35	0.519	0.126
1041	8	M	0.37	0.28	0.252	0.074
1042	10	M	0.615	0.475	1.129	0.3
1043	11	F	0.585	0.455	0.9945	0.2845
1044	10	M	0.655	0.545	1.4245	0.378
1045	11	I	0.605	0.435	0.9025	0.26
1046	11	F	0.65	0.59	1.662	0.435
1047	12	F	0.595	0.45	1.081	0.279
1048	8	I	0.475	0.365	0.5185	0.1365
1049	6	I	0.425	0.33	0.3265	0.103
1050	8	I	0.475	0.36	0.4905	0.125
1051	8	F	0.565	0.4	0.6975	0.18
1052	10	F	0.625	0.47	1.255	0.405
1053	11	F	0.475	0.35	0.452	0.155
1054	15	M	0.65	0.52	1.676	0.47
1055	9	F	0.605	0.475	1.056	0.357
1056	6	I	0.42	0.315	0.355	0.087
1057	8	F	0.44	0.34	0.364	0.1175
1058	7	F	0.505	0.4	0.583	0.175
1059	20	M	0.7	0.58	2.13	0.58
1060	7	I	0.4	0.3	0.2815	0.08
1061	9	I	0.475	0.335	0.4425	0.135
1062	8	F	0.55	0.43	0.923	0.283
1063	12	M	0.51	0.395	0.6185	0.24
1064	8	I	0.47	0.375	0.5225	0.162
1065	9	M	0.39	0.3	0.3055	0.085
1066	10	F	0.635	0.5	1.376	0.31
1067	13	M	0.74	0.535	1.65	0.335
1068	13	F	0.7	0.575	1.7975	0.5165
1069	13	M	0.575	0.44	0.9615	0.275
1070	8	F	0.62	0.435	1.012	0.275
1071	6	I	0.375	0.28	0.2345	0.067
1072	11	M	0.65	0.505	1.5595	0.395
1073	10	M	0.695	0.55	2.173	0.496
1074	8	I	0.495	0.38	0.5	0.1505
1075	7	I	0.435	0.325	0.346	0.095
1076	6	I	0.34	0.26	0.1885	0.06
1077	11	M	0.63	0.49	1.1745	0.339
1078	20	F	0.61	0.485	1.3445	0.515
1079	7	M	0.405	0.31	0.385	0.11
1080	9	F	0.345	0.255	0.197	0.06
1081	8	M	0.61	0.48	1.2435	0.372
1082	5	I	0.315	0.21	0.125	0.035
1083	8	I	0.485	0.365	0.4475	0.2305
1084	10	I	0.55	0.405	0.6755	0.21
1085	13	F	0.455	0.365	0.385	0.1345
1086	7	I	0.445	0.31	0.336	0.0855
1087	9	M	0.61	0.47	1.052	0.267
1088	10	M	0.345	0.265	0.163	0.0485
1089	6	I	0.375	0.28	0.215	0.055
1090	8	F	0.58	0.445	0.888	0.2425
1091	14	F	0.695	0.53	2.0475	0.6095
1092	13	F	0.7	0.575	1.773	0.538
1093	4	I	0.23	0.165	0.0515	0.036
1094	12	F	0.635	0.51	1.286	0.4105
1095	11	I	0.58	0.445	0.8865	0.255
1096	17	F	0.66	0.52	1.676	0.45
1097	10	I	0.605	0.48	0.9995	0.3
1098	10	I	0.495	0.385	0.5125	0.172
1099	7	F	0.385	0.305	0.3315	0.1
1100	8	F	0.58	0.445	0.858	0.253
1101	4	I	0.225	0.17	0.0565	0.016
1102	8	M	0.255	0.195	0.08	0.027
1103	10	F	0.62	0.5	1.148	0.3315
1104	8	I	0.525	0.4	0.5655	0.175
1105	14	F	0.54	0.415	0.8975	0.275
1106	9	M	0.565	0.445	0.9255	0.2475
1107	10	M	0.7	0.545	1.9125	0.506
1108	8	I	0.545	0.42	0.717	0.22
1109	10	I	0.515	0.35	0.4745	0.1275
1110	11	M	0.38	0.285	0.2665	0.075
1111	6	I	0.375	0.275	0.218	0.0755
1112	11	I	0.355	0.28	0.2275	0.085
1113	6	I	0.28	0.215	0.124	0.03
1114	12	M	0.65	0.51	1.446	0.45
1115	11	M	0.71	0.575	2.009	0.502
1116	9	I	0.5	0.375	0.542	0.17
1117	10	F	0.645	0.525	1.37	0.34
1118	6	I	0.415	0.31	0.34	0.083
1119	11	M	0.68	0.515	1.2345	0.325
1120	7	I	0.4	0.305	0.3415	0.0865
1121	10	F	0.44	0.34	0.4195	0.13
1122	6	I	0.375	0.29	0.2875	0.08
1123	8	I	0.435	0.325	0.335	0.115
1124	17	I	0.635	0.505	1.3315	0.435
1125	16	F	0.57	0.465	0.9995	0.295
1126	9	I	0.455	0.35	0.4725	0.15
1127	6	I	0.435	0.33	0.393	0.0885
1128	8	I	0.345	0.285	0.2225	0.075
1129	15	M	0.64	0.49	1.194	0.375
1130	8	M	0.58	0.45	0.8275	0.2445
1131	9	I	0.405	0.315	0.347	0.1
1132	9	I	0.61	0.465	0.9605	0.286
1133	11	M	0.605	0.47	1.2315	0.2925
1134	10	M	0.625	0.515	1.217	0.3115
1135	9	M	0.345	0.27	0.195	0.059
1136	6	I	0.34	0.26	0.179	0.055
1137	11	M	0.675	0.52	1.3645	0.385
1138	10	M	0.53	0.405	0.8315	0.2525
1139	9	F	0.47	0.365	0.543	0.15
1140	9	M	0.6	0.47	1.059	0.275
1141	8	F	0.595	0.465	1.1005	0.265
1142	10	M	0.425	0.34	0.388	0.125
1143	9	M	0.5	0.405	0.6155	0.205
1144	8	M	0.59	0.465	0.9895	0.28
1145	9	I	0.475	0.36	0.4555	0.145
1146	9	M	0.365	0.285	0.2205	0.07
1147	12	M	0.605	0.47	1.1735	0.345
1148	3	M	0.21	0.15	0.0385	0.01
1149	10	F	0.595	0.48	1.11	0.33
1150	10	F	0.61	0.495	1.2635	0.3455
1151	9	F	0.56	0.425	0.932	0.335
1152	9	M	0.595	0.48	0.9125	0.289
1153	8	I	0.39	0.3	0.259	0.085
1154	7	M	0.335	0.265	0.222	0.075
1155	6	I	0.275	0.205	0.1105	0.035
1156	11	F	0.7	0.555	1.666	0.455
1157	9	I	0.42	0.33	0.352	0.1
1158	3	I	0.24	0.175	0.0665	0.017
1159	11	M	0.63	0.49	1.1775	0.285
1160	7	I	0.355	0.255	0.187	0.058
1161	11	M	0.545	0.435	0.9385	0.345
1162	10	M	0.665	0.525	1.3575	0.4485
1163	17	M	0.58	0.465	1.035	0.385
1164	9	I	0.53	0.395	0.575	0.183
1165	12	I	0.44	0.35	0.435	0.125
1166	11	F	0.555	0.425	0.788	0.285
1167	11	I	0.54	0.4	0.757	0.215
1168	7	M	0.545	0.42	0.778	0.205
1169	16	M	0.535	0.405	0.8345	0.29
1170	9	F	0.635	0.49	1.2615	0.38
1171	10	F	0.58	0.43	1.48	0.4155
1172	9	I	0.44	0.32	0.3875	0.12
1173	4	I	0.315	0.235	0.1285	0.0405
1174	16	M	0.72	0.575	2.2695	0.665
1175	9	M	0.52	0.385	0.6595	0.16
1176	7	I	0.39	0.3	0.2665	0.084
1177	8	F	0.58	0.46	0.926	0.275
1178	7	I	0.35	0.265	0.2	0.06
1179	13	M	0.675	0.545	1.7375	0.469
1180	6	I	0.37	0.275	0.257	0.0825
1181	7	M	0.33	0.255	0.1875	0.06
1182	7	I	0.505	0.385	0.6005	0.185
1183	11	M	0.545	0.45	0.8795	0.2625
1184	12	F	0.5	0.4	0.63	0.23
1185	14	F	0.62	0.51	1.3475	0.48
1186	8	M	0.475	0.37	0.649	0.142
1187	13	F	0.62	0.51	1.456	0.32
1188	12	M	0.55	0.41	0.785	0.275
1189	9	I	0.535	0.39	0.599	0.169
1190	13	F	0.625	0.525	1.352	0.53
1191	8	M	0.35	0.275	0.2925	0.0905
1192	7	I	0.44	0.335	0.3885	0.111
1193	9	I	0.59	0.45	0.86	0.245
1194	16	M	0.635	0.515	1.275	0.34
1195	13	M	0.675	0.525	1.2835	0.3545
1196	10	F	0.62	0.51	1.233	0.322
1197	12	M	0.52	0.4	0.8565	0.21
1198	10	I	0.525	0.4	0.6955	0.253
1199	11	M	0.465	0.35	0.5205	0.185
1200	11	M	0.575	0.47	0.8375	0.24
1201	13	F	0.64	0.475	1.151	0.3805
1202	14	F	0.5	0.44	0.742	0.2115
1203	6	I	0.3	0.23	0.127	0.0345
1204	10	I	0.575	0.435	0.805	0.245
1205	6	I	0.375	0.29	0.219	0.075
1206	11	F	0.695	0.535	1.5855	0.471
1207	8	I	0.525	0.405	0.6965	0.21
1208	6	I	0.345	0.255	0.183	0.06
1209	11	F	0.75	0.57	2.236	0.545
1210	10	M	0.45	0.355	0.478	0.155
1211	15	F	0.525	0.425	0.7995	0.24
1212	9	F	0.56	0.42	1.6645	0.4525
1213	11	F	0.58	0.455	0.94	0.265
1214	21	F	0.63	0.485	1.2435	0.39
1215	13	M	0.515	0.4	0.955	0.26
1216	10	M	0.615	0.48	1.2205	0.33
1217	10	F	0.62	0.485	1.2155	0.345
1218	11	M	0.72	0.585	1.914	0.479
1219	18	M	0.565	0.455	0.9065	0.32
1220	12	F	0.575	0.45	0.9775	0.33
1221	10	M	0.65	0.515	1.466	0.4
1222	7	F	0.495	0.37	0.594	0.1375
1223	12	F	0.61	0.48	1.234	0.315
1224	8	M	0.535	0.41	0.6835	0.159
1225	10	F	0.645	0.5	1.2205	0.3185
1226	8	M	0.49	0.385	0.649	0.1695
1227	9	F	0.45	0.335	0.425	0.115
1228	11	M	0.705	0.555	2.141	0.528
1229	16	I	0.45	0.35	0.474	0.1275
1230	12	F	0.735	0.565	2.1275	0.565
1231	3	M	0.155	0.11	0.0155	0.005
1232	11	I	0.42	0.325	0.368	0.1135
1233	8	M	0.525	0.405	0.7185	0.175
1234	10	M	0.595	0.475	1.0305	0.278
1235	17	M	0.63	0.51	1.539	0.57
1236	11	I	0.47	0.345	0.4885	0.166
1237	9	M	0.515	0.455	0.7225	0.235
1238	10	F	0.505	0.375	0.5895	0.167
1239	16	I	0.635	0.5	1.319	0.49
1240	8	I	0.43	0.32	0.3675	0.105
1241	10	I	0.395	0.295	0.2715	0.085
1242	11	F	0.41	0.305	0.363	0.11
1243	12	F	0.5	0.405	0.5965	0.185
1244	9	M	0.6	0.465	1.259	0.357
1245	7	F	0.375	0.29	0.282	0.08
1246	8	I	0.295	0.21	0.1	0.031
1247	9	F	0.44	0.35	0.4035	0.129
1248	10	F	0.455	0.375	0.458	0.12
1249	16	F	0.465	0.375	0.6	0.23
1250	10	F	0.705	0.53	1.564	0.44
1251	6	I	0.37	0.29	0.249	0.067
1252	8	M	0.55	0.44	0.985	0.27
1253	9	F	0.55	0.44	0.765	0.245
1254	9	M	0.55	0.41	0.8705	0.213
1255	11	I	0.565	0.43	0.8545	0.275
1256	11	M	0.525	0.4	0.8295	0.275
1257	8	M	0.45	0.35	0.4655	0.135
1258	9	M	0.53	0.425	0.702	0.22
1259	11	I	0.46	0.35	0.4885	0.155
1260	14	M	0.615	0.495	1.304	0.371
1261	9	I	0.58	0.445	0.7095	0.235
1262	7	M	0.43	0.335	0.397	0.1035
1263	4	I	0.275	0.195	0.0875	0.0255
1264	13	M	0.565	0.435	0.9815	0.39
1265	18	F	0.745	0.585	1.966	0.5855
1266	12	I	0.45	0.36	0.45	0.145
1267	9	M	0.54	0.405	0.891	0.202
1268	8	I	0.45	0.35	0.547	0.1405
1269	8	M	0.58	0.455	1.114	0.265
1270	19	F	0.58	0.46	0.9955	0.26
1271	11	M	0.73	0.575	2.069	0.643
1272	11	F	0.725	0.57	1.6195	0.488
1273	7	F	0.485	0.37	0.4785	0.129
1274	8	F	0.535	0.445	0.8725	0.24
1275	19	F	0.6	0.475	1.1805	0.425
1276	6	I	0.27	0.205	0.084	0.029
1277	16	M	0.525	0.43	0.8645	0.2515
1278	10	M	0.615	0.505	1.167	0.345
1279	13	F	0.575	0.46	1.124	0.44
1280	9	M	0.46	0.35	0.5165	0.185
1281	10	F	0.57	0.465	0.8935	0.263
1282	11	F	0.655	0.515	1.309	0.385
1283	9	M	0.62	0.46	0.9505	0.228
1284	6	I	0.42	0.315	0.3435	0.09
1285	8	F	0.51	0.385	0.632	0.17
1286	6	I	0.3	0.23	0.117	0.0415
1287	8	M	0.505	0.365	0.521	0.15
1288	10	I	0.55	0.435	0.7995	0.238
1289	4	I	0.155	0.105	0.0175	0.005
1290	10	F	0.55	0.45	0.741	0.2665
1291	9	F	0.525	0.4	0.6995	0.223
1292	11	M	0.525	0.4	0.7305	0.195
1293	10	I	0.595	0.475	0.984	0.2755
1294	12	M	0.535	0.44	0.6765	0.26
1295	10	M	0.625	0.49	1.205	0.3465
1296	6	I	0.385	0.29	0.2575	0.086
1297	12	M	0.565	0.45	1.0055	0.265
1298	6	M	0.495	0.375	0.6245	0.155
1299	8	F	0.61	0.47	1.0745	0.29
1300	8	F	0.55	0.425	0.964	0.215
1301	7	M	0.5	0.385	0.6425	0.1535
1302	11	F	0.71	0.56	1.652	0.4525
1303	9	M	0.495	0.395	0.5415	0.155
1304	12	M	0.535	0.42	0.6995	0.24
1305	7	M	0.455	0.375	0.484	0.165
1306	7	I	0.36	0.275	0.217	0.09
1307	9	F	0.64	0.525	1.382	0.37
1308	9	F	0.64	0.515	1.5335	0.4025
1309	8	I	0.495	0.375	0.614	0.161
1310	11	F	0.625	0.49	1.233	0.365
